match_id,match_date,kick_off,year,home_team,away_team,home_score,away_score,competition_stage,home_Ball Receipt*,home_Ball Recovery,home_Block,home_Carry,home_Clearance,home_Dispossessed,home_Dribble,home_Dribbled Past,home_Duel,home_Error,home_Foul Committed,home_Foul Won,home_Goal Keeper,home_Interception,home_Miscontrol,home_Own Goal Against,home_Pass,home_Player Off,home_Player On,home_Pressure,home_Shot,home_Offside,home_Shield,home_Bad Behaviour,home_50/50,away_Ball Receipt*,away_Ball Recovery,away_Block,away_Carry,away_Clearance,away_Dispossessed,away_Dribble,away_Dribbled Past,away_Duel,away_Error,away_Foul Committed,away_Foul Won,away_Goal Keeper,away_Interception,away_Miscontrol,away_Own Goal Against,away_Pass,away_Player Off,away_Player On,away_Pressure,away_Shot,away_Offside,away_Shield,away_Bad Behaviour,away_50/50,target
7525,2018-06-14,15:00:00.000,2018,Russia,Saudi Arabia,5,0,Group Stage,0.0,0.0,0.0,0.0,0.0,0.0,0.0,0.0,0.0,0.0,0.0,0.0,0.0,0.0,0.0,0.0,0.0,0.0,0.0,0.0,0.0,0.0,0.0,0.0,0.0,0.0,0.0,0.0,0.0,0.0,0.0,0.0,0.0,0.0,0.0,0.0,0.0,0.0,0.0,0.0,0.0,0.0,0.0,0.0,0.0,0.0,0.0,0.0,0.0,0.0,1
7578,2018-06-15,12:00:00.000,2018,Egypt,Uruguay,0,1,Group Stage,0.0,0.0,0.0,0.0,0.0,0.0,0.0,0.0,0.0,0.0,0.0,0.0,0.0,0.0,0.0,0.0,0.0,0.0,0.0,0.0,0.0,0.0,0.0,0.0,0.0,0.0,0.0,0.0,0.0,0.0,0.0,0.0,0.0,0.0,0.0,0.0,0.0,0.0,0.0,0.0,0.0,0.0,0.0,0.0,0.0,0.0,0.0,0.0,0.0,0.0,-1
7577,2018-06-15,15:00:00.000,2018,Morocco,Iran,0,1,Group Stage,0.0,0.0,0.0,0.0,0.0,0.0,0.0,0.0,0.0,0.0,0.0,0.0,0.0,0.0,0.0,0.0,0.0,0.0,0.0,0.0,0.0,0.0,0.0,0.0,0.0,0.0,0.0,0.0,0.0,0.0,0.0,0.0,0.0,0.0,0.0,0.0,0.0,0.0,0.0,0.0,0.0,0.0,0.0,0.0,0.0,0.0,0.0,0.0,0.0,0.0,-1
7576,2018-06-15,18:00:00.000,2018,Portugal,Spain,3,3,Group Stage,0.0,0.0,0.0,0.0,0.0,0.0,0.0,0.0,0.0,0.0,0.0,0.0,0.0,0.0,0.0,0.0,0.0,0.0,0.0,0.0,0.0,0.0,0.0,0.0,0.0,0.0,0.0,0.0,0.0,0.0,0.0,0.0,0.0,0.0,0.0,0.0,0.0,0.0,0.0,0.0,0.0,0.0,0.0,0.0,0.0,0.0,0.0,0.0,0.0,0.0,0
7530,2018-06-16,10:00:00.000,2018,France,Australia,2,1,Group Stage,0.0,0.0,0.0,0.0,0.0,0.0,0.0,0.0,0.0,0.0,0.0,0.0,0.0,0.0,0.0,0.0,0.0,0.0,0.0,0.0,0.0,0.0,0.0,0.0,0.0,0.0,0.0,0.0,0.0,0.0,0.0,0.0,0.0,0.0,0.0,0.0,0.0,0.0,0.0,0.0,0.0,0.0,0.0,0.0,0.0,0.0,0.0,0.0,0.0,0.0,1
7531,2018-06-16,13:00:00.000,2018,Argentina,Iceland,1,1,Group Stage,0.0,0.0,0.0,0.0,0.0,0.0,0.0,0.0,0.0,0.0,0.0,0.0,0.0,0.0,0.0,0.0,0.0,0.0,0.0,0.0,0.0,0.0,0.0,0.0,0.0,0.0,0.0,0.0,0.0,0.0,0.0,0.0,0.0,0.0,0.0,0.0,0.0,0.0,0.0,0.0,0.0,0.0,0.0,0.0,0.0,0.0,0.0,0.0,0.0,0.0,0
7532,2018-06-16,16:00:00.000,2018,Peru,Denmark,0,1,Group Stage,0.0,0.0,0.0,0.0,0.0,0.0,0.0,0.0,0.0,0.0,0.0,0.0,0.0,0.0,0.0,0.0,0.0,0.0,0.0,0.0,0.0,0.0,0.0,0.0,0.0,0.0,0.0,0.0,0.0,0.0,0.0,0.0,0.0,0.0,0.0,0.0,0.0,0.0,0.0,0.0,0.0,0.0,0.0,0.0,0.0,0.0,0.0,0.0,0.0,0.0,-1
7529,2018-06-16,19:00:00.000,2018,Croatia,Nigeria,2,0,Group Stage,0.0,0.0,0.0,0.0,0.0,0.0,0.0,0.0,0.0,0.0,0.0,0.0,0.0,0.0,0.0,0.0,0.0,0.0,0.0,0.0,0.0,0.0,0.0,0.0,0.0,0.0,0.0,0.0,0.0,0.0,0.0,0.0,0.0,0.0,0.0,0.0,0.0,0.0,0.0,0.0,0.0,0.0,0.0,0.0,0.0,0.0,0.0,0.0,0.0,0.0,1
7535,2018-06-17,12:00:00.000,2018,Costa Rica,Serbia,0,1,Group Stage,0.0,0.0,0.0,0.0,0.0,0.0,0.0,0.0,0.0,0.0,0.0,0.0,0.0,0.0,0.0,0.0,0.0,0.0,0.0,0.0,0.0,0.0,0.0,0.0,0.0,0.0,0.0,0.0,0.0,0.0,0.0,0.0,0.0,0.0,0.0,0.0,0.0,0.0,0.0,0.0,0.0,0.0,0.0,0.0,0.0,0.0,0.0,0.0,0.0,0.0,-1
7534,2018-06-17,15:00:00.000,2018,Germany,Mexico,0,1,Group Stage,0.0,0.0,0.0,0.0,0.0,0.0,0.0,0.0,0.0,0.0,0.0,0.0,0.0,0.0,0.0,0.0,0.0,0.0,0.0,0.0,0.0,0.0,0.0,0.0,0.0,0.0,0.0,0.0,0.0,0.0,0.0,0.0,0.0,0.0,0.0,0.0,0.0,0.0,0.0,0.0,0.0,0.0,0.0,0.0,0.0,0.0,0.0,0.0,0.0,0.0,-1
7533,2018-06-17,18:00:00.000,2018,Brazil,Switzerland,1,1,Group Stage,0.0,0.0,0.0,0.0,0.0,0.0,0.0,0.0,0.0,0.0,0.0,0.0,0.0,0.0,0.0,0.0,0.0,0.0,0.0,0.0,0.0,0.0,0.0,0.0,0.0,0.0,0.0,0.0,0.0,0.0,0.0,0.0,0.0,0.0,0.0,0.0,0.0,0.0,0.0,0.0,0.0,0.0,0.0,0.0,0.0,0.0,0.0,0.0,0.0,0.0,0
7538,2018-06-18,12:00:00.000,2018,Sweden,South Korea,1,0,Group Stage,0.0,0.0,0.0,0.0,0.0,0.0,0.0,0.0,0.0,0.0,0.0,0.0,0.0,0.0,0.0,0.0,0.0,0.0,0.0,0.0,0.0,0.0,0.0,0.0,0.0,0.0,0.0,0.0,0.0,0.0,0.0,0.0,0.0,0.0,0.0,0.0,0.0,0.0,0.0,0.0,0.0,0.0,0.0,0.0,0.0,0.0,0.0,0.0,0.0,0.0,1
7536,2018-06-18,15:00:00.000,2018,Belgium,Panama,3,0,Group Stage,0.0,0.0,0.0,0.0,0.0,0.0,0.0,0.0,0.0,0.0,0.0,0.0,0.0,0.0,0.0,0.0,0.0,0.0,0.0,0.0,0.0,0.0,0.0,0.0,0.0,0.0,0.0,0.0,0.0,0.0,0.0,0.0,0.0,0.0,0.0,0.0,0.0,0.0,0.0,0.0,0.0,0.0,0.0,0.0,0.0,0.0,0.0,0.0,0.0,0.0,1
7537,2018-06-18,18:00:00.000,2018,Tunisia,England,1,2,Group Stage,0.0,0.0,0.0,0.0,0.0,0.0,0.0,0.0,0.0,0.0,0.0,0.0,0.0,0.0,0.0,0.0,0.0,0.0,0.0,0.0,0.0,0.0,0.0,0.0,0.0,0.0,0.0,0.0,0.0,0.0,0.0,0.0,0.0,0.0,0.0,0.0,0.0,0.0,0.0,0.0,0.0,0.0,0.0,0.0,0.0,0.0,0.0,0.0,0.0,0.0,-1
7541,2018-06-19,12:00:00.000,2018,Colombia,Japan,1,2,Group Stage,0.0,0.0,0.0,0.0,0.0,0.0,0.0,0.0,0.0,0.0,0.0,0.0,0.0,0.0,0.0,0.0,0.0,0.0,0.0,0.0,0.0,0.0,0.0,0.0,0.0,0.0,0.0,0.0,0.0,0.0,0.0,0.0,0.0,0.0,0.0,0.0,0.0,0.0,0.0,0.0,0.0,0.0,0.0,0.0,0.0,0.0,0.0,0.0,0.0,0.0,-1
7539,2018-06-19,15:00:00.000,2018,Poland,Senegal,1,2,Group Stage,0.0,0.0,0.0,0.0,0.0,0.0,0.0,0.0,0.0,0.0,0.0,0.0,0.0,0.0,0.0,0.0,0.0,0.0,0.0,0.0,0.0,0.0,0.0,0.0,0.0,0.0,0.0,0.0,0.0,0.0,0.0,0.0,0.0,0.0,0.0,0.0,0.0,0.0,0.0,0.0,0.0,0.0,0.0,0.0,0.0,0.0,0.0,0.0,0.0,0.0,-1
7540,2018-06-19,18:00:00.000,2018,Russia,Egypt,3,1,Group Stage,339.0,52.0,16.0,269.0,9.0,19.0,12.0,4.0,26.0,0.0,23.0,12.0,6.0,4.0,11.0,0.0,388.0,0.0,0.0,147.0,14.0,0.0,0.0,0.0,3.0,431.0,41.0,17.0,337.0,13.0,10.0,9.0,5.0,47.0,0.0,16.0,6.0,23.0,16.0,8.0,0.0,469.0,2.0,2.0,166.0,8.0,0.0,1.0,0.0,3.0,1
7542,2018-06-20,12:00:00.000,2018,Portugal,Morocco,1,0,Group Stage,376.0,32.0,8.0,298.0,8.0,8.0,13.0,18.0,15.0,0.0,13.0,11.0,14.0,6.0,11.0,0.0,388.0,0.0,0.0,267.0,10.0,0.0,0.0,0.0,0.0,470.0,37.0,18.0,390.0,14.0,8.0,29.0,6.0,18.0,1.0,22.0,16.0,9.0,9.0,12.0,1.0,492.0,1.0,1.0,149.0,14.0,0.0,0.0,0.0,0.0,1
7544,2018-06-20,15:00:00.000,2018,Uruguay,Saudi Arabia,1,0,Group Stage,596.0,61.0,20.0,490.0,9.0,18.0,15.0,5.0,23.0,0.0,7.0,16.0,10.0,21.0,12.0,0.0,623.0,0.0,0.0,119.0,16.0,0.0,0.0,0.0,3.0,527.0,49.0,22.0,440.0,16.0,13.0,11.0,9.0,43.0,0.0,12.0,23.0,16.0,7.0,15.0,0.0,572.0,0.0,0.0,121.0,6.0,0.0,0.0,0.0,3.0,1
7543,2018-06-20,18:00:00.000,2018,Iran,Spain,0,1,Group Stage,236.0,50.0,9.0,177.0,12.0,6.0,10.0,17.0,31.0,2.0,16.0,21.0,17.0,9.0,7.0,0.0,267.0,1.0,1.0,208.0,8.0,0.0,1.0,0.0,0.0,769.0,23.0,12.0,665.0,8.0,5.0,23.0,8.0,21.0,0.0,11.0,12.0,10.0,12.0,11.0,0.0,780.0,1.0,1.0,215.0,12.0,1.0,0.0,0.0,0.0,-1
7547,2018-06-21,12:00:00.000,2018,Denmark,Australia,1,1,Group Stage,385.0,34.0,19.0,323.0,16.0,9.0,11.0,14.0,28.0,0.0,21.0,11.0,19.0,11.0,10.0,0.0,402.0,1.0,1.0,170.0,11.0,0.0,1.0,0.0,2.0,415.0,48.0,16.0,345.0,19.0,13.0,5.0,14.0,39.0,0.0,20.0,15.0,15.0,15.0,9.0,1.0,444.0,0.0,0.0,113.0,5.0,0.0,0.0,0.0,1.0,0
7546,2018-06-21,15:00:00.000,2018,France,Peru,1,0,Group Stage,522.0,50.0,13.0,454.0,9.0,20.0,25.0,3.0,22.0,0.0,17.0,20.0,6.0,7.0,4.0,0.0,549.0,0.0,0.0,136.0,12.0,0.0,0.0,0.0,1.0,410.0,44.0,19.0,350.0,20.0,10.0,17.0,8.0,28.0,0.0,12.0,19.0,12.0,8.0,14.0,0.0,435.0,1.0,1.0,121.0,17.0,1.0,0.0,0.0,2.0,1
7545,2018-06-21,18:00:00.000,2018,Argentina,Croatia,0,3,Group Stage,755.0,54.0,13.0,698.0,10.0,18.0,15.0,6.0,19.0,0.0,11.0,17.0,11.0,3.0,9.0,0.0,796.0,0.0,0.0,84.0,28.0,0.0,0.0,0.0,3.0,484.0,34.0,14.0,399.0,22.0,6.0,10.0,12.0,24.0,1.0,21.0,12.0,15.0,14.0,11.0,0.0,503.0,1.0,1.0,160.0,11.0,0.0,1.0,0.0,0.0,-1
7548,2018-06-22,12:00:00.000,2018,Brazil,Costa Rica,2,0,Group Stage,544.0,54.0,17.0,535.0,11.0,13.0,31.0,11.0,16.0,0.0,12.0,21.0,8.0,22.0,15.0,0.0,555.0,1.0,1.0,234.0,21.0,1.0,1.0,0.0,0.0,432.0,49.0,17.0,363.0,12.0,15.0,16.0,10.0,27.0,0.0,18.0,13.0,14.0,9.0,12.0,0.0,481.0,1.0,1.0,97.0,10.0,1.0,0.0,0.0,1.0,1
7549,2018-06-22,15:00:00.000,2018,Nigeria,Iceland,2,0,Group Stage,392.0,47.0,15.0,317.0,16.0,10.0,16.0,7.0,23.0,0.0,15.0,20.0,14.0,6.0,11.0,1.0,425.0,2.0,2.0,152.0,13.0,0.0,0.0,0.0,0.0,202.0,33.0,26.0,152.0,20.0,8.0,7.0,9.0,39.0,0.0,17.0,9.0,31.0,28.0,10.0,0.0,224.0,1.0,1.0,176.0,9.0,0.0,0.0,0.0,3.0,1
7550,2018-06-22,18:00:00.000,2018,Serbia,Switzerland,1,2,Group Stage,383.0,41.0,19.0,338.0,23.0,11.0,15.0,11.0,34.0,0.0,13.0,18.0,12.0,6.0,16.0,0.0,439.0,0.0,0.0,126.0,12.0,0.0,0.0,1.0,1.0,452.0,38.0,22.0,397.0,21.0,2.0,20.0,25.0,24.0,1.0,21.0,11.0,21.0,15.0,7.0,0.0,458.0,2.0,2.0,266.0,7.0,0.0,0.0,0.0,0.0,-1
7552,2018-06-23,12:00:00.000,2018,Belgium,Tunisia,5,2,Group Stage,597.0,38.0,10.0,544.0,7.0,8.0,17.0,8.0,23.0,0.0,17.0,20.0,7.0,12.0,9.0,0.0,610.0,0.0,0.0,192.0,15.0,0.0,1.0,1.0,0.0,341.0,34.0,24.0,325.0,12.0,5.0,14.0,18.0,36.0,1.0,15.0,9.0,20.0,13.0,12.0,0.0,368.0,1.0,1.0,265.0,6.0,0.0,1.0,0.0,0.0,1
7553,2018-06-23,15:00:00.000,2018,South Korea,Mexico,1,2,Group Stage,352.0,40.0,17.0,309.0,23.0,8.0,17.0,7.0,26.0,0.0,22.0,19.0,22.0,8.0,11.0,0.0,382.0,0.0,0.0,148.0,5.0,0.0,0.0,0.0,0.0,311.0,36.0,32.0,290.0,23.0,4.0,27.0,11.0,26.0,1.0,15.0,11.0,27.0,17.0,8.0,0.0,324.0,0.0,0.0,324.0,12.0,0.0,1.0,1.0,1.0,-1
7551,2018-06-23,18:00:00.000,2018,Germany,Sweden,2,1,Group Stage,602.0,50.0,16.0,527.0,4.0,12.0,15.0,17.0,22.0,0.0,13.0,13.0,13.0,6.0,5.0,0.0,619.0,0.0,0.0,165.0,26.0,0.0,0.0,0.0,1.0,448.0,41.0,14.0,385.0,17.0,9.0,10.0,10.0,28.0,0.0,19.0,22.0,6.0,7.0,12.0,0.0,477.0,1.0,1.0,115.0,16.0,0.0,0.0,0.0,0.0,1
7554,2018-06-24,12:00:00.000,2018,England,Panama,6,1,Group Stage,557.0,44.0,11.0,475.0,4.0,9.0,29.0,9.0,14.0,0.0,9.0,14.0,6.0,6.0,11.0,0.0,570.0,0.0,0.0,188.0,18.0,1.0,1.0,0.0,0.0,353.0,41.0,13.0,298.0,19.0,5.0,18.0,7.0,29.0,1.0,20.0,16.0,17.0,15.0,13.0,0.0,364.0,3.0,3.0,237.0,7.0,1.0,0.0,1.0,0.0,1
7556,2018-06-24,15:00:00.000,2018,Japan,Senegal,2,2,Group Stage,597.0,30.0,15.0,559.0,16.0,16.0,13.0,12.0,31.0,0.0,11.0,14.0,10.0,19.0,5.0,0.0,630.0,0.0,0.0,172.0,14.0,0.0,0.0,0.0,2.0,365.0,45.0,16.0,288.0,16.0,4.0,18.0,7.0,21.0,0.0,17.0,7.0,12.0,18.0,12.0,0.0,382.0,0.0,0.0,221.0,7.0,0.0,0.0,0.0,0.0,0
7555,2018-06-24,18:00:00.000,2018,Poland,Colombia,0,3,Group Stage,567.0,34.0,8.0,460.0,12.0,6.0,11.0,12.0,17.0,1.0,7.0,16.0,9.0,11.0,17.0,1.0,585.0,1.0,1.0,148.0,10.0,1.0,0.0,0.0,0.0,410.0,42.0,11.0,358.0,7.0,8.0,24.0,9.0,34.0,1.0,15.0,11.0,16.0,13.0,15.0,0.0,422.0,0.0,0.0,248.0,10.0,1.0,0.0,0.0,2.0,-1
7558,2018-06-25,14:00:00.000,2018,Uruguay,Russia,3,0,Group Stage,543.5,52.5,18.0,450.0,11.0,14.5,14.0,11.5,20.0,0.0,10.0,14.0,10.5,15.5,13.0,0.0,567.0,0.0,0.0,179.5,15.0,0.5,0.0,0.0,1.5,382.5,51.0,17.5,296.0,17.5,14.5,11.0,6.0,26.0,0.0,16.5,11.5,11.0,6.0,11.5,0.0,427.5,0.0,0.0,165.5,13.0,0.0,0.0,0.5,1.5,1
7559,2018-06-25,14:00:00.000,2018,Saudi Arabia,Egypt,2,1,Group Stage,544.0,47.0,19.0,464.0,12.0,10.5,19.0,9.0,31.0,0.5,12.0,17.0,16.0,12.5,15.5,0.0,578.0,0.5,0.5,147.0,7.0,0.0,0.0,0.0,1.5,439.5,46.5,19.5,335.5,17.5,8.0,11.0,7.0,39.5,0.0,13.5,7.5,19.5,14.5,11.0,0.5,476.5,1.0,1.0,165.0,11.5,0.0,1.0,0.0,1.5,1
7557,2018-06-25,18:00:00.000,2018,Iran,Portugal,1,1,Group Stage,231.0,49.5,18.0,176.5,16.0,4.0,11.5,18.5,25.0,1.5,15.0,18.0,18.0,10.5,8.0,0.0,264.5,0.5,0.5,231.5,7.0,0.0,0.5,0.0,0.5,364.0,41.0,21.0,282.5,17.5,13.5,10.0,16.5,26.0,0.0,15.5,16.0,16.0,6.0,10.0,0.0,392.5,0.0,0.0,194.5,11.0,0.0,0.0,0.0,0.5,0
7560,2018-06-25,18:00:00.000,2018,Spain,Morocco,2,2,Group Stage,784.0,36.5,8.0,675.0,9.0,5.0,26.0,9.0,16.5,0.0,13.0,13.0,9.5,9.0,13.0,0.0,798.0,0.5,0.5,177.0,15.0,0.5,0.0,0.0,0.5,482.0,49.0,17.5,392.0,13.5,11.0,27.5,6.0,23.5,0.5,22.5,16.5,10.5,11.5,10.0,0.5,505.5,0.5,0.5,134.5,15.5,0.0,0.0,0.0,0.5,0
7562,2018-06-26,14:00:00.000,2018,Australia,Peru,0,2,Group Stage,464.5,43.0,16.0,384.5,17.0,14.0,11.0,14.0,30.0,0.5,13.0,10.5,13.0,9.5,10.0,0.5,488.5,0.0,0.0,140.5,9.0,0.0,0.0,0.0,0.5,462.0,50.5,14.5,392.0,16.0,12.5,19.5,11.5,28.5,0.0,13.0,14.0,13.5,9.5,12.5,0.0,491.5,0.5,0.5,141.0,14.5,0.5,0.0,0.5,1.0,-1
7563,2018-06-26,14:00:00.000,2018,Denmark,France,0,0,Group Stage,414.5,35.5,19.5,370.5,17.0,8.5,14.0,13.0,28.0,0.0,14.0,8.5,16.5,10.5,13.0,0.0,440.0,0.5,0.5,161.0,10.5,0.0,1.0,0.5,1.0,474.5,50.0,14.5,412.5,10.5,15.5,25.0,9.5,26.0,0.0,14.0,17.0,9.0,15.5,7.0,0.0,492.0,0.5,0.5,232.5,12.0,0.0,1.0,0.0,0.5,0
7561,2018-06-26,18:00:00.000,2018,Iceland,Croatia,1,2,Group Stage,260.5,39.5,19.5,200.0,20.0,10.5,11.0,10.5,34.0,0.0,14.5,9.5,24.5,17.5,10.5,0.0,281.5,1.0,1.0,230.5,9.5,0.0,0.0,0.0,2.0,414.0,37.5,15.0,325.0,18.5,9.5,15.0,12.5,21.0,0.5,22.0,15.5,14.0,13.0,8.5,0.0,442.5,1.5,1.5,177.0,12.5,0.0,1.0,0.0,1.0,-1
7564,2018-06-26,18:00:00.000,2018,Nigeria,Argentina,1,2,Group Stage,433.0,51.0,12.0,356.0,19.0,10.0,15.5,9.0,24.0,0.0,12.5,16.0,14.0,7.0,12.5,0.5,477.0,1.5,1.5,142.0,15.0,0.0,0.0,0.0,0.5,638.0,51.0,16.0,576.5,8.5,12.5,16.5,11.0,24.5,0.5,15.5,19.5,13.0,7.0,9.0,0.0,665.5,0.5,0.5,160.0,19.0,0.0,0.5,0.5,2.5,-1
7566,2018-06-27,14:00:00.000,2018,Mexico,Sweden,0,3,Group Stage,385.0,37.0,26.0,369.0,16.0,7.5,24.0,13.0,27.0,0.5,11.5,17.0,23.0,15.0,9.5,0.0,409.5,0.0,0.0,217.0,13.0,0.0,0.5,0.5,2.0,327.5,33.0,20.5,264.0,27.5,6.5,12.5,8.5,22.0,0.5,18.0,16.0,14.5,8.0,9.0,0.0,355.5,0.5,0.5,154.5,11.5,0.0,0.5,0.0,1.5,-1
7567,2018-06-27,14:00:00.000,2018,South Korea,Germany,2,0,Group Stage,340.5,39.0,15.5,320.5,16.5,10.5,20.5,10.5,25.0,0.0,24.0,13.5,19.5,6.5,10.5,0.0,371.0,0.5,0.5,187.5,11.0,0.0,0.0,0.0,1.5,650.5,47.0,15.5,582.0,7.5,8.5,12.0,11.0,24.0,0.0,12.5,14.5,10.5,4.5,7.0,0.0,668.5,0.5,0.5,167.0,22.0,1.0,0.0,0.0,2.0,1
7565,2018-06-27,18:00:00.000,2018,Serbia,Brazil,0,2,Group Stage,362.0,40.0,14.5,309.5,17.5,10.0,15.5,12.0,33.0,0.5,16.5,15.5,16.5,9.5,17.0,0.0,393.0,0.5,0.5,211.0,12.0,0.0,0.0,1.0,0.5,624.5,58.0,18.0,619.0,10.0,15.0,25.0,9.0,21.5,0.0,11.5,18.5,6.5,13.0,14.5,0.0,652.5,1.0,1.0,169.5,22.0,1.5,1.0,1.0,0.5,-1
7568,2018-06-27,18:00:00.000,2018,Switzerland,Costa Rica,2,2,Group Stage,497.5,45.5,16.0,429.0,15.0,5.5,22.5,16.5,26.0,0.5,17.0,15.5,17.5,11.5,11.0,0.0,506.0,1.0,1.0,206.5,13.0,0.0,0.5,0.5,0.0,341.0,49.5,20.0,287.0,20.0,15.5,12.5,13.0,27.0,0.5,17.5,12.0,20.0,8.5,12.0,0.0,387.5,0.5,0.5,122.5,7.0,1.5,0.0,0.5,1.0,0
7572,2018-06-28,14:00:00.000,2018,Japan,Poland,0,1,Group Stage,519.5,37.0,12.5,456.5,18.0,12.5,11.5,9.0,32.0,0.0,10.0,14.5,13.0,13.5,9.0,0.0,553.0,0.5,0.5,159.0,10.5,0.0,0.5,0.0,1.5,486.0,40.0,13.5,378.5,18.5,7.5,14.5,15.5,25.0,0.5,12.0,13.0,12.5,14.5,15.5,0.5,516.5,1.0,1.0,175.0,10.5,0.5,0.0,0.0,1.0,-1
7571,2018-06-28,14:00:00.000,2018,Senegal,Colombia,0,1,Group Stage,351.5,45.5,13.0,296.5,11.5,5.0,14.5,7.5,23.0,0.0,16.0,8.0,9.5,13.5,13.5,0.0,387.0,0.0,0.0,180.0,11.0,0.0,0.0,0.5,0.5,467.5,61.0,14.0,428.0,14.5,9.5,25.0,9.5,36.0,1.0,13.0,14.0,14.0,11.0,14.5,0.0,485.0,0.0,0.0,234.0,11.5,0.5,0.0,0.0,2.0,-1
7569,2018-06-28,18:00:00.000,2018,Panama,Tunisia,1,2,Group Stage,374.5,35.5,9.5,312.5,13.5,5.5,13.0,6.5,26.0,0.5,16.5,15.0,14.5,11.0,12.5,0.0,385.0,2.0,2.0,203.0,7.5,0.5,0.0,1.0,0.0,386.5,35.5,20.5,325.0,10.5,6.5,9.5,12.0,25.0,0.5,15.0,10.5,23.5,11.0,12.0,0.0,417.5,2.0,2.0,268.5,11.5,0.0,1.0,0.0,0.0,-1
7570,2018-06-28,18:00:00.000,2018,England,Belgium,0,1,Group Stage,573.0,37.0,11.5,512.0,8.0,8.0,19.0,6.5,15.0,0.0,11.5,13.0,7.0,5.5,11.5,0.0,588.5,0.0,0.0,180.0,14.5,0.5,0.5,0.0,0.0,525.5,44.0,9.0,481.5,8.5,9.5,12.5,5.5,19.0,0.0,15.0,17.5,13.0,14.0,9.5,0.0,542.5,0.5,0.5,176.0,19.0,0.0,0.5,0.5,0.0,-1
7580,2018-06-30,14:00:00.000,2018,France,Argentina,4,3,Round of 16,531.0,51.333333333333336,13.333333333333334,479.6666666666667,9.666666666666666,13.666666666666666,22.0,9.333333333333334,22.666666666666668,0.0,12.666666666666666,15.0,8.333333333333334,12.0,10.0,0.0,561.0,0.3333333333333333,0.3333333333333333,185.33333333333331,11.666666666666666,0.0,0.6666666666666666,0.0,1.0,617.6666666666666,51.333333333333336,14.0,541.3333333333334,10.0,10.0,19.33333333333333,13.333333333333334,24.0,0.3333333333333333,16.0,19.33333333333333,12.0,9.0,11.666666666666666,0.0,642.0,0.3333333333333333,0.3333333333333333,151.33333333333334,15.333333333333334,0.0,0.3333333333333333,0.6666666666666666,2.333333333333333,1
7579,2018-06-30,18:00:00.000,2018,Uruguay,Portugal,2,1,Round of 16,529.6666666666666,47.333333333333336,16.0,454.0,10.333333333333334,11.0,12.0,10.333333333333334,22.33333333333333,0.0,13.0,15.333333333333334,9.0,12.333333333333334,14.666666666666666,0.0,553.3333333333334,0.3333333333333333,0.3333333333333333,168.33333333333334,15.333333333333334,0.3333333333333333,0.6666666666666666,0.0,1.3333333333333333,446.0,43.66666666666666,19.0,381.0,15.0,12.0,13.666666666666666,13.333333333333334,23.33333333333333,0.0,13.333333333333334,16.0,14.0,6.333333333333333,10.0,0.0,471.6666666666667,0.3333333333333333,0.3333333333333333,184.0,12.333333333333334,0.0,0.0,0.0,0.6666666666666666,1
7582,2018-07-01,14:00:00.000,2018,Spain,Russia,1,1,Round of 16,763.3333333333334,35.333333333333336,8.333333333333334,643.0,7.0,6.666666666666667,24.33333333333333,9.333333333333334,17.666666666666668,0.0,10.666666666666666,14.666666666666666,9.333333333333334,9.0,11.666666666666666,0.0,783.0,0.3333333333333333,0.3333333333333333,164.66666666666666,16.0,0.3333333333333333,1.0,0.0,1.0,369.3333333333333,44.333333333333336,17.666666666666668,283.0,18.33333333333333,13.333333333333334,10.666666666666666,6.0,22.33333333333333,0.3333333333333333,17.333333333333332,14.0,13.333333333333334,6.333333333333333,10.666666666666666,0.3333333333333333,411.6666666666667,0.0,0.0,183.0,9.666666666666666,0.0,0.0,0.3333333333333333,1.3333333333333333,0
7581,2018-07-01,18:00:00.000,2018,Croatia,Denmark,1,1,Round of 16,451.3333333333333,37.333333333333336,17.0,379.3333333333333,20.666666666666668,9.666666666666666,15.666666666666666,11.0,24.0,0.6666666666666666,19.0,14.666666666666666,16.333333333333332,11.0,9.0,0.0,473.3333333333333,1.0,1.0,190.0,12.666666666666666,0.0,1.0,0.0,0.6666666666666666,380.0,40.0,18.33333333333333,335.3333333333333,18.0,7.333333333333333,13.333333333333334,12.666666666666666,28.666666666666668,0.0,13.0,9.0,15.0,10.333333333333334,13.0,0.0,407.3333333333333,0.6666666666666666,0.6666666666666666,171.33333333333334,8.666666666666666,0.0,0.6666666666666666,0.3333333333333333,1.3333333333333333,0
7583,2018-07-02,14:00:00.000,2018,Brazil,Mexico,2,0,Round of 16,627.0,53.66666666666666,21.33333333333333,588.3333333333334,14.333333333333334,12.666666666666666,26.0,9.0,24.33333333333333,0.0,10.0,16.333333333333332,9.666666666666666,12.0,13.333333333333334,0.0,652.6666666666666,1.0,1.0,147.66666666666666,19.666666666666668,2.0,0.6666666666666666,0.6666666666666666,0.6666666666666666,411.6666666666667,40.66666666666666,20.33333333333333,396.3333333333333,12.333333333333334,6.333333333333333,26.0,10.0,23.0,0.3333333333333333,13.0,17.0,20.666666666666668,14.0,10.333333333333334,0.3333333333333333,442.3333333333333,0.0,0.0,174.33333333333334,16.0,0.3333333333333333,0.3333333333333333,0.3333333333333333,1.6666666666666667,1
7584,2018-07-02,18:00:00.000,2018,Belgium,Japan,3,2,Round of 16,535.0,44.333333333333336,11.0,498.6666666666667,11.666666666666666,8.0,13.666666666666666,9.0,22.666666666666668,0.0,15.333333333333334,16.333333333333332,14.0,11.666666666666666,7.666666666666667,0.0,551.3333333333334,0.6666666666666666,0.6666666666666666,202.0,17.333333333333332,0.0,0.3333333333333333,0.3333333333333333,0.3333333333333333,526.6666666666666,34.0,13.666666666666666,450.3333333333333,17.666666666666668,12.333333333333334,10.0,9.666666666666666,27.33333333333333,0.3333333333333333,10.666666666666666,12.666666666666666,13.0,10.0,10.0,0.0,564.3333333333334,0.3333333333333333,0.3333333333333333,164.66666666666666,10.666666666666666,0.0,0.3333333333333333,0.0,1.6666666666666667,1
7586,2018-07-03,14:00:00.000,2018,Sweden,Switzerland,1,0,Round of 16,291.0,32.666666666666664,19.666666666666668,232.66666666666663,26.33333333333333,5.0,10.333333333333334,12.333333333333334,23.666666666666668,0.3333333333333333,18.0,15.333333333333334,17.333333333333332,9.333333333333334,8.666666666666666,0.0,321.6666666666667,0.3333333333333333,0.3333333333333333,163.66666666666666,12.666666666666666,0.0,0.3333333333333333,0.0,1.3333333333333333,516.6666666666666,42.333333333333336,16.0,447.6666666666667,13.666666666666666,6.0,18.33333333333333,15.333333333333334,24.666666666666668,0.3333333333333333,14.666666666666666,15.333333333333334,16.666666666666668,10.0,11.0,0.3333333333333333,535.6666666666666,0.6666666666666666,0.6666666666666666,195.0,13.0,0.0,0.6666666666666666,0.3333333333333333,0.0,1
7585,2018-07-03,18:00:00.000,2018,Colombia,England,1,1,Round of 16,452.0,53.66666666666666,14.0,396.0,14.666666666666666,9.0,20.0,10.333333333333334,30.666666666666668,1.0,14.0,14.333333333333334,12.666666666666666,9.0,15.666666666666666,0.0,478.6666666666667,0.0,0.0,188.0,9.0,0.3333333333333333,0.0,0.0,1.6666666666666667,543.0,41.0,12.666666666666666,498.3333333333333,6.333333333333333,8.0,20.666666666666668,8.666666666666666,15.333333333333334,0.0,12.333333333333334,13.666666666666666,9.333333333333334,5.666666666666667,10.0,0.0,563.6666666666666,0.0,0.0,169.66666666666666,13.666666666666666,0.3333333333333333,1.0,0.0,0.3333333333333333,0
8649,2018-07-06,14:00:00.000,2018,Uruguay,France,0,2,Quarter-finals,459.25,47.0,19.0,389.5,14.0,10.25,13.25,13.0,25.5,0.0,13.25,14.5,13.75,12.0,13.5,0.0,487.75,0.5,0.5,172.0,13.25,0.25,0.5,0.0,1.25,482.0,50.25,14.5,443.0,11.25,13.75,20.25,10.0,25.0,0.0,15.25,14.75,9.5,11.0,10.75,0.0,508.25,0.5,0.5,209.25,11.0,0.0,0.5,0.5,1.0,-1
8650,2018-07-06,18:00:00.000,2018,Brazil,Belgium,1,2,Quarter-finals,569.25,49.0,21.25,536.0,14.75,12.5,27.25,12.75,26.75,0.5,9.5,17.0,12.0,11.25,12.5,0.0,592.0,0.75,0.75,175.0,19.5,1.5,0.5,0.5,0.5,550.0,43.5,12.25,496.75,11.25,7.0,15.75,9.0,20.5,0.25,14.75,14.75,14.0,10.0,7.75,0.0,568.0,0.5,0.5,186.5,20.0,0.25,0.5,0.25,0.25,-1
8651,2018-07-07,14:00:00.000,2018,Sweden,England,0,2,Quarter-finals,281.75,36.25,22.75,222.25,26.5,4.75,9.75,10.25,23.25,0.25,16.5,15.25,18.0,8.5,9.5,0.0,317.25,0.25,0.25,193.25,12.5,0.0,0.75,0.0,1.0,548.75,43.0,14.75,477.0,10.25,7.25,18.0,9.5,19.25,0.0,12.5,15.75,12.0,5.5,12.5,0.0,574.0,0.25,0.25,165.25,15.75,0.25,0.75,0.25,0.75,-1
8652,2018-07-07,18:00:00.000,2018,Russia,Croatia,2,2,Quarter-finals,351.0,41.25,20.75,260.5,20.75,12.0,12.25,10.5,24.0,0.5,18.25,11.75,17.25,10.0,12.0,0.5,390.25,0.0,0.0,206.5,10.25,0.0,0.75,0.25,1.0,485.0,43.0,17.0,412.75,23.0,8.75,16.75,12.5,23.75,0.5,16.0,15.75,18.0,10.5,10.0,0.0,521.25,1.25,1.25,188.5,16.0,0.25,1.25,0.0,0.75,0
8655,2018-07-10,18:00:00.000,2018,France,Belgium,1,0,Semi-finals,491.4,47.8,14.2,450.4,15.4,13.0,21.4,9.8,26.2,0.0,15.8,16.0,9.8,12.2,11.4,0.0,520.0,0.4,0.4,201.6,11.0,0.0,0.6,0.6,0.8,512.6,43.4,14.4,454.6,16.2,7.8,15.8,9.4,20.8,0.2,15.4,15.8,16.6,8.6,8.4,0.0,531.4,0.4,0.4,215.2,17.6,0.2,0.4,0.2,0.2,1
8656,2018-07-11,18:00:00.000,2018,Croatia,England,2,1,Semi-finals,526.2,47.2,16.8,445.8,24.0,8.6,17.4,11.2,22.4,0.4,16.4,17.2,18.8,9.8,11.6,0.0,571.2,1.2,1.2,175.2,17.4,0.2,1.2,0.2,0.8,536.0,44.8,14.8,471.0,9.6,7.4,18.0,9.4,19.4,0.0,11.6,15.0,11.2,5.2,11.6,0.0,571.8,0.2,0.2,153.0,15.0,0.2,1.0,0.4,0.6,1
8657,2018-07-14,16:00:00.000,2018,Belgium,England,2,0,3rd Place Final,526.6666666666666,41.66666666666666,14.166666666666666,460.3333333333333,15.333333333333334,8.0,15.5,9.166666666666666,20.166666666666668,0.1666666666666666,15.666666666666666,14.166666666666666,17.166666666666668,8.0,9.833333333333334,0.0,546.6666666666666,0.3333333333333333,0.3333333333333333,195.5,16.166666666666668,0.1666666666666666,0.3333333333333333,0.1666666666666666,0.5,529.0,46.66666666666666,17.5,448.8333333333333,14.833333333333334,8.166666666666666,17.333333333333332,9.166666666666666,18.0,0.0,11.833333333333334,16.5,13.833333333333334,5.166666666666667,13.0,0.0,566.0,0.5,0.5,181.83333333333331,14.333333333333334,0.1666666666666666,0.8333333333333334,0.5,0.5,1
8658,2018-07-15,17:00:00.000,2018,France,Croatia,4,2,Final,465.1666666666667,45.66666666666666,13.666666666666666,419.6666666666667,16.333333333333332,11.666666666666666,20.33333333333333,10.333333333333334,23.83333333333333,0.0,14.166666666666666,16.166666666666668,10.0,11.5,11.5,0.0,494.5,0.5,0.5,192.83333333333331,12.333333333333334,0.0,0.6666666666666666,0.6666666666666666,1.0,537.1666666666666,48.5,16.333333333333332,449.3333333333333,23.5,8.0,16.166666666666668,11.333333333333334,23.33333333333333,0.3333333333333333,18.0,16.333333333333332,18.5,9.166666666666666,11.5,0.0,585.3333333333334,1.0,1.0,175.5,18.166666666666668,0.1666666666666666,1.1666666666666667,0.3333333333333333,0.6666666666666666,1
3857286,2022-11-20,16:00:00.000,2022,Qatar,Ecuador,0,2,Group Stage,0.0,0.0,0.0,0.0,0.0,0.0,0.0,0.0,0.0,0.0,0.0,0.0,0.0,0.0,0.0,0.0,0.0,0.0,0.0,0.0,0.0,0.0,0.0,0.0,0.0,0.0,0.0,0.0,0.0,0.0,0.0,0.0,0.0,0.0,0.0,0.0,0.0,0.0,0.0,0.0,0.0,0.0,0.0,0.0,0.0,0.0,0.0,0.0,0.0,0.0,-1
3857271,2022-11-21,13:00:00.000,2022,England,Iran,6,2,Group Stage,0.0,0.0,0.0,0.0,0.0,0.0,0.0,0.0,0.0,0.0,0.0,0.0,0.0,0.0,0.0,0.0,0.0,0.0,0.0,0.0,0.0,0.0,0.0,0.0,0.0,0.0,0.0,0.0,0.0,0.0,0.0,0.0,0.0,0.0,0.0,0.0,0.0,0.0,0.0,0.0,0.0,0.0,0.0,0.0,0.0,0.0,0.0,0.0,0.0,0.0,1
3857285,2022-11-21,16:00:00.000,2022,Senegal,Netherlands,0,2,Group Stage,0.0,0.0,0.0,0.0,0.0,0.0,0.0,0.0,0.0,0.0,0.0,0.0,0.0,0.0,0.0,0.0,0.0,0.0,0.0,0.0,0.0,0.0,0.0,0.0,0.0,0.0,0.0,0.0,0.0,0.0,0.0,0.0,0.0,0.0,0.0,0.0,0.0,0.0,0.0,0.0,0.0,0.0,0.0,0.0,0.0,0.0,0.0,0.0,0.0,0.0,-1
3857282,2022-11-21,19:00:00.000,2022,United States,Wales,1,1,Group Stage,0.0,0.0,0.0,0.0,0.0,0.0,0.0,0.0,0.0,0.0,0.0,0.0,0.0,0.0,0.0,0.0,0.0,0.0,0.0,0.0,0.0,0.0,0.0,0.0,0.0,0.0,0.0,0.0,0.0,0.0,0.0,0.0,0.0,0.0,0.0,0.0,0.0,0.0,0.0,0.0,0.0,0.0,0.0,0.0,0.0,0.0,0.0,0.0,0.0,0.0,0
3857300,2022-11-22,10:00:00.000,2022,Argentina,Saudi Arabia,1,2,Group Stage,0.0,0.0,0.0,0.0,0.0,0.0,0.0,0.0,0.0,0.0,0.0,0.0,0.0,0.0,0.0,0.0,0.0,0.0,0.0,0.0,0.0,0.0,0.0,0.0,0.0,0.0,0.0,0.0,0.0,0.0,0.0,0.0,0.0,0.0,0.0,0.0,0.0,0.0,0.0,0.0,0.0,0.0,0.0,0.0,0.0,0.0,0.0,0.0,0.0,0.0,-1
3857254,2022-11-22,13:00:00.000,2022,Denmark,Tunisia,0,0,Group Stage,0.0,0.0,0.0,0.0,0.0,0.0,0.0,0.0,0.0,0.0,0.0,0.0,0.0,0.0,0.0,0.0,0.0,0.0,0.0,0.0,0.0,0.0,0.0,0.0,0.0,0.0,0.0,0.0,0.0,0.0,0.0,0.0,0.0,0.0,0.0,0.0,0.0,0.0,0.0,0.0,0.0,0.0,0.0,0.0,0.0,0.0,0.0,0.0,0.0,0.0,0
3857265,2022-11-22,16:00:00.000,2022,Mexico,Poland,0,0,Group Stage,0.0,0.0,0.0,0.0,0.0,0.0,0.0,0.0,0.0,0.0,0.0,0.0,0.0,0.0,0.0,0.0,0.0,0.0,0.0,0.0,0.0,0.0,0.0,0.0,0.0,0.0,0.0,0.0,0.0,0.0,0.0,0.0,0.0,0.0,0.0,0.0,0.0,0.0,0.0,0.0,0.0,0.0,0.0,0.0,0.0,0.0,0.0,0.0,0.0,0.0,0
3857279,2022-11-22,19:00:00.000,2022,France,Australia,4,1,Group Stage,0.0,0.0,0.0,0.0,0.0,0.0,0.0,0.0,0.0,0.0,0.0,0.0,0.0,0.0,0.0,0.0,0.0,0.0,0.0,0.0,0.0,0.0,0.0,0.0,0.0,0.0,0.0,0.0,0.0,0.0,0.0,0.0,0.0,0.0,0.0,0.0,0.0,0.0,0.0,0.0,0.0,0.0,0.0,0.0,0.0,0.0,0.0,0.0,0.0,0.0,1
3857277,2022-11-23,10:00:00.000,2022,Morocco,Croatia,0,0,Group Stage,0.0,0.0,0.0,0.0,0.0,0.0,0.0,0.0,0.0,0.0,0.0,0.0,0.0,0.0,0.0,0.0,0.0,0.0,0.0,0.0,0.0,0.0,0.0,0.0,0.0,0.0,0.0,0.0,0.0,0.0,0.0,0.0,0.0,0.0,0.0,0.0,0.0,0.0,0.0,0.0,0.0,0.0,0.0,0.0,0.0,0.0,0.0,0.0,0.0,0.0,0
3857284,2022-11-23,13:00:00.000,2022,Germany,Japan,1,2,Group Stage,0.0,0.0,0.0,0.0,0.0,0.0,0.0,0.0,0.0,0.0,0.0,0.0,0.0,0.0,0.0,0.0,0.0,0.0,0.0,0.0,0.0,0.0,0.0,0.0,0.0,0.0,0.0,0.0,0.0,0.0,0.0,0.0,0.0,0.0,0.0,0.0,0.0,0.0,0.0,0.0,0.0,0.0,0.0,0.0,0.0,0.0,0.0,0.0,0.0,0.0,-1
3857291,2022-11-23,16:00:00.000,2022,Spain,Costa Rica,7,0,Group Stage,0.0,0.0,0.0,0.0,0.0,0.0,0.0,0.0,0.0,0.0,0.0,0.0,0.0,0.0,0.0,0.0,0.0,0.0,0.0,0.0,0.0,0.0,0.0,0.0,0.0,0.0,0.0,0.0,0.0,0.0,0.0,0.0,0.0,0.0,0.0,0.0,0.0,0.0,0.0,0.0,0.0,0.0,0.0,0.0,0.0,0.0,0.0,0.0,0.0,0.0,1
3857268,2022-11-23,19:00:00.000,2022,Belgium,Canada,1,0,Group Stage,0.0,0.0,0.0,0.0,0.0,0.0,0.0,0.0,0.0,0.0,0.0,0.0,0.0,0.0,0.0,0.0,0.0,0.0,0.0,0.0,0.0,0.0,0.0,0.0,0.0,0.0,0.0,0.0,0.0,0.0,0.0,0.0,0.0,0.0,0.0,0.0,0.0,0.0,0.0,0.0,0.0,0.0,0.0,0.0,0.0,0.0,0.0,0.0,0.0,0.0,1
3857290,2022-11-24,10:00:00.000,2022,Switzerland,Cameroon,1,0,Group Stage,0.0,0.0,0.0,0.0,0.0,0.0,0.0,0.0,0.0,0.0,0.0,0.0,0.0,0.0,0.0,0.0,0.0,0.0,0.0,0.0,0.0,0.0,0.0,0.0,0.0,0.0,0.0,0.0,0.0,0.0,0.0,0.0,0.0,0.0,0.0,0.0,0.0,0.0,0.0,0.0,0.0,0.0,0.0,0.0,0.0,0.0,0.0,0.0,0.0,0.0,1
3857287,2022-11-24,13:00:00.000,2022,Uruguay,South Korea,0,0,Group Stage,0.0,0.0,0.0,0.0,0.0,0.0,0.0,0.0,0.0,0.0,0.0,0.0,0.0,0.0,0.0,0.0,0.0,0.0,0.0,0.0,0.0,0.0,0.0,0.0,0.0,0.0,0.0,0.0,0.0,0.0,0.0,0.0,0.0,0.0,0.0,0.0,0.0,0.0,0.0,0.0,0.0,0.0,0.0,0.0,0.0,0.0,0.0,0.0,0.0,0.0,0
3857298,2022-11-24,16:00:00.000,2022,Portugal,Ghana,3,2,Group Stage,0.0,0.0,0.0,0.0,0.0,0.0,0.0,0.0,0.0,0.0,0.0,0.0,0.0,0.0,0.0,0.0,0.0,0.0,0.0,0.0,0.0,0.0,0.0,0.0,0.0,0.0,0.0,0.0,0.0,0.0,0.0,0.0,0.0,0.0,0.0,0.0,0.0,0.0,0.0,0.0,0.0,0.0,0.0,0.0,0.0,0.0,0.0,0.0,0.0,0.0,1
3857258,2022-11-24,19:00:00.000,2022,Brazil,Serbia,2,0,Group Stage,0.0,0.0,0.0,0.0,0.0,0.0,0.0,0.0,0.0,0.0,0.0,0.0,0.0,0.0,0.0,0.0,0.0,0.0,0.0,0.0,0.0,0.0,0.0,0.0,0.0,0.0,0.0,0.0,0.0,0.0,0.0,0.0,0.0,0.0,0.0,0.0,0.0,0.0,0.0,0.0,0.0,0.0,0.0,0.0,0.0,0.0,0.0,0.0,0.0,0.0,1
3857273,2022-11-25,10:00:00.000,2022,Wales,Iran,0,2,Group Stage,413.0,53.0,23.0,339.0,29.0,9.0,12.0,4.0,40.0,0.0,10.0,16.0,10.0,10.0,18.0,0.0,443.0,3.0,3.0,128.0,7.0,0.0,1.0,0.0,1.0,220.0,38.0,17.0,190.0,21.0,7.0,11.0,10.0,25.0,0.0,21.0,9.0,16.0,21.0,4.0,0.0,247.0,0.0,0.0,141.0,8.0,0.0,3.0,0.0,0.0,-1
3857301,2022-11-25,13:00:00.000,2022,Qatar,Senegal,1,3,Group Stage,443.0,33.0,11.0,371.0,21.0,8.0,15.0,12.0,24.0,0.0,17.0,14.0,9.0,5.0,12.0,0.0,468.0,0.0,0.0,99.0,5.0,0.0,1.0,0.0,1.0,408.0,49.0,13.0,327.0,34.0,8.0,6.0,7.0,35.0,0.0,13.0,16.0,15.0,9.0,15.0,0.0,430.0,1.0,1.0,112.0,15.0,1.0,0.0,0.0,0.0,-1
3857274,2022-11-25,16:00:00.000,2022,Netherlands,Ecuador,1,1,Group Stage,452.0,31.0,15.0,336.0,16.0,9.0,12.0,4.0,29.0,0.0,16.0,12.0,17.0,11.0,12.0,0.0,491.0,0.0,0.0,104.0,10.0,1.0,0.0,0.0,0.0,464.0,34.0,21.0,394.0,4.0,9.0,14.0,8.0,33.0,0.0,14.0,17.0,6.0,8.0,14.0,0.0,519.0,2.0,2.0,134.0,6.0,1.0,1.0,0.0,1.0,0
3857272,2022-11-25,19:00:00.000,2022,England,United States,0,0,Group Stage,807.0,46.0,13.0,660.0,7.0,8.0,14.0,2.0,30.0,0.0,9.0,17.0,8.0,6.0,14.0,0.0,846.0,2.0,2.0,101.0,13.0,0.0,1.0,0.0,0.0,566.0,45.0,21.0,529.0,24.0,22.0,6.0,7.0,32.0,0.0,17.0,10.0,11.0,13.0,20.0,0.0,610.0,1.0,1.0,137.0,6.0,0.0,0.0,0.0,1.0,0
3857288,2022-11-26,10:00:00.000,2022,Tunisia,Australia,0,1,Group Stage,387.0,51.0,20.0,333.0,33.0,11.0,16.0,2.0,46.0,0.0,10.0,13.0,14.0,12.0,10.0,0.0,417.0,0.0,0.0,130.0,13.0,0.0,1.0,0.0,0.0,421.0,46.0,24.0,361.0,21.0,15.0,9.0,12.0,29.0,0.0,14.0,4.0,24.0,11.0,13.0,0.0,475.0,0.0,0.0,105.0,4.0,0.0,0.0,0.0,3.0,-1
3857297,2022-11-26,13:00:00.000,2022,Poland,Saudi Arabia,2,0,Group Stage,343.0,49.0,27.0,250.0,28.0,17.0,14.0,8.0,31.0,0.0,15.0,14.0,18.0,8.0,14.0,0.0,362.0,2.0,2.0,135.0,6.0,0.0,1.0,0.0,2.0,260.0,49.0,13.0,228.0,29.0,4.0,14.0,9.0,38.0,0.0,22.0,6.0,19.0,21.0,20.0,0.0,286.0,2.0,2.0,141.0,3.0,0.0,0.0,4.0,9.0,1
3857266,2022-11-26,16:00:00.000,2022,France,Denmark,2,1,Group Stage,707.0,44.0,13.0,587.0,11.0,6.0,19.0,6.0,28.0,0.0,4.0,14.0,5.0,11.0,14.0,0.0,763.0,2.0,2.0,83.0,23.0,0.0,2.0,0.0,3.0,583.0,44.0,23.0,560.0,20.0,14.0,14.0,12.0,30.0,0.0,13.0,9.0,15.0,10.0,17.0,0.0,646.0,0.0,0.0,109.0,11.0,0.0,0.0,0.0,0.0,1
3857289,2022-11-26,19:00:00.000,2022,Argentina,Mexico,2,0,Group Stage,614.0,44.0,19.0,527.0,18.0,15.0,13.0,5.0,23.0,1.0,7.0,22.0,4.0,11.0,8.0,0.0,646.0,0.0,0.0,107.0,15.0,0.0,1.0,0.0,9.0,476.0,49.0,18.0,456.0,21.0,13.0,9.0,9.0,43.0,0.0,14.0,14.0,6.0,8.0,14.0,0.0,544.0,1.0,1.0,96.0,11.0,1.0,2.0,0.0,2.0,1
3857295,2022-11-27,10:00:00.000,2022,Japan,Costa Rica,0,1,Group Stage,248.0,28.0,30.0,179.0,41.0,6.0,10.0,5.0,48.0,0.0,15.0,7.0,29.0,8.0,12.0,0.0,294.0,0.0,0.0,184.0,12.0,0.0,0.0,0.0,2.0,187.0,29.0,20.0,168.0,21.0,14.0,5.0,9.0,38.0,0.0,14.0,7.0,22.0,9.0,15.0,0.0,250.0,0.0,0.0,149.0,0.0,1.0,1.0,0.0,0.0,-1
3857283,2022-11-27,13:00:00.000,2022,Belgium,Morocco,0,2,Group Stage,500.0,39.0,31.0,439.0,30.0,8.0,11.0,7.0,29.0,0.0,11.0,15.0,23.0,9.0,17.0,0.0,534.0,0.0,0.0,83.0,9.0,0.0,0.0,0.0,3.0,362.0,55.0,23.0,318.0,22.0,11.0,14.0,6.0,36.0,0.0,18.0,12.0,9.0,15.0,13.0,0.0,384.0,1.0,1.0,168.0,8.0,0.0,2.0,0.0,6.0,-1
3857281,2022-11-27,16:00:00.000,2022,Croatia,Canada,4,1,Group Stage,633.0,43.0,18.0,560.0,9.0,17.0,12.0,8.0,37.0,0.0,12.0,17.0,9.0,12.0,10.0,0.0,686.0,1.0,1.0,107.0,5.0,0.0,3.0,0.0,6.0,455.0,50.0,17.0,406.0,10.0,9.0,16.0,8.0,22.0,0.0,15.0,10.0,10.0,12.0,18.0,0.0,480.0,0.0,0.0,112.0,22.0,1.0,0.0,0.0,3.0,1
3857263,2022-11-27,19:00:00.000,2022,Spain,Germany,1,1,Group Stage,1060.0,45.0,14.0,943.0,5.0,14.0,20.0,4.0,29.0,0.0,8.0,13.0,2.0,7.0,13.0,0.0,1090.0,0.0,0.0,80.0,17.0,0.0,0.0,0.0,0.0,775.0,56.0,23.0,611.0,8.0,17.0,14.0,5.0,29.0,0.0,7.0,13.0,15.0,3.0,13.0,0.0,826.0,0.0,0.0,86.0,26.0,2.0,2.0,0.0,2.0,0
3857259,2022-11-28,10:00:00.000,2022,Cameroon,Serbia,3,3,Group Stage,442.0,52.0,15.0,425.0,19.0,13.0,11.0,2.0,33.0,0.0,10.0,13.0,9.0,15.0,13.0,0.0,533.0,0.0,0.0,145.0,8.0,0.0,0.0,0.0,4.0,385.0,36.0,19.0,341.0,19.0,12.0,10.0,12.0,33.0,0.0,11.0,7.0,26.0,11.0,13.0,0.0,446.0,0.0,0.0,147.0,5.0,0.0,1.0,1.0,1.0,0
3857299,2022-11-28,13:00:00.000,2022,South Korea,Ghana,2,3,Group Stage,416.0,42.0,11.0,373.0,20.0,7.0,13.0,5.0,47.0,0.0,11.0,7.0,14.0,13.0,12.0,0.0,463.0,1.0,1.0,103.0,7.0,0.0,0.0,0.0,0.0,412.0,46.0,16.0,339.0,13.0,19.0,15.0,5.0,47.0,1.0,20.0,15.0,13.0,12.0,11.0,0.0,415.0,0.0,0.0,140.0,9.0,0.0,2.0,1.0,1.0,-1
3857269,2022-11-28,16:00:00.000,2022,Brazil,Switzerland,1,0,Group Stage,575.0,56.0,16.0,547.0,22.0,10.0,22.0,4.0,39.0,0.0,8.0,11.0,7.0,8.0,17.0,0.0,618.0,0.0,0.0,102.0,23.0,0.0,1.0,0.0,1.0,528.0,33.0,8.0,404.0,28.0,10.0,2.0,10.0,29.0,0.0,14.0,10.0,13.0,8.0,13.0,0.0,549.0,1.0,1.0,143.0,7.0,0.0,0.0,0.0,4.0,1
3857270,2022-11-28,19:00:00.000,2022,Portugal,Uruguay,2,0,Group Stage,640.0,39.0,12.0,521.0,18.0,14.0,11.0,12.0,31.0,1.0,15.0,20.0,13.0,3.0,10.0,0.0,665.0,0.0,0.0,110.0,11.0,0.0,1.0,0.0,1.0,535.0,37.0,20.0,439.0,31.0,7.0,14.0,5.0,40.0,0.0,7.0,11.0,10.0,17.0,15.0,0.0,570.0,0.0,0.0,102.0,10.0,0.0,0.0,0.0,0.0,1
3857294,2022-11-29,15:00:00.000,2022,Netherlands,Qatar,2,0,Group Stage,487.5,33.0,20.0,364.5,20.0,13.0,10.0,4.0,39.0,0.0,16.0,12.0,17.5,8.0,14.0,0.0,521.5,0.0,0.0,119.5,6.0,0.5,1.0,0.0,1.0,436.0,37.0,13.5,366.5,22.5,8.5,10.0,11.0,29.0,0.5,14.0,13.5,12.5,7.5,15.0,0.0,460.0,1.0,1.0,124.0,7.5,0.5,1.5,0.0,2.0,1
3857267,2022-11-29,15:00:00.000,2022,Ecuador,Senegal,1,2,Group Stage,459.5,45.0,20.5,371.5,11.0,11.5,14.5,6.0,39.0,0.0,13.5,15.5,4.5,11.5,16.0,0.0,491.0,1.5,1.5,152.0,10.5,1.0,1.0,0.0,1.5,471.0,49.5,13.5,392.5,26.5,11.5,11.5,5.5,29.0,0.0,13.0,13.0,14.5,7.5,14.5,0.0,488.5,0.5,0.5,124.5,13.5,1.0,0.5,0.0,1.5,-1
3857278,2022-11-29,19:00:00.000,2022,Iran,United States,0,1,Group Stage,227.5,47.5,18.5,211.5,18.5,6.0,10.5,8.5,34.5,0.0,15.5,9.0,14.5,18.0,7.0,0.0,305.0,1.0,1.0,151.0,14.5,0.0,2.0,0.5,2.0,500.0,41.5,22.0,449.0,20.0,14.5,8.0,8.0,34.0,0.0,16.5,10.5,12.0,8.5,16.5,0.0,533.0,0.5,0.5,147.0,8.0,0.0,0.0,0.0,0.5,-1
3857261,2022-11-29,19:00:00.000,2022,Wales,England,0,3,Group Stage,469.0,58.0,24.5,375.5,32.0,10.0,14.5,5.0,33.0,0.5,9.5,13.0,17.5,10.0,18.0,0.0,501.0,2.0,2.0,109.0,8.5,0.0,1.5,0.0,2.5,681.5,37.5,17.0,556.5,13.5,9.0,13.5,5.0,24.5,0.0,10.0,16.0,10.0,6.5,11.5,0.0,714.0,1.0,1.0,102.0,10.5,0.0,0.5,0.0,0.0,-1
3857275,2022-11-30,15:00:00.000,2022,Tunisia,France,1,0,Group Stage,441.5,62.0,23.5,367.0,34.0,12.5,16.5,3.0,49.5,0.5,12.5,13.5,12.0,10.0,13.0,0.0,482.5,0.5,0.5,125.5,13.5,0.0,1.0,0.0,4.0,616.5,41.0,16.0,538.5,14.0,9.0,22.0,6.5,34.5,0.0,4.0,12.5,8.5,13.0,12.0,0.0,651.5,1.5,1.5,96.0,22.0,0.0,2.0,0.0,2.0,1
3857257,2022-11-30,15:00:00.000,2022,Australia,Denmark,1,0,Group Stage,396.5,45.5,29.5,310.5,27.5,13.5,9.5,10.5,41.0,0.5,15.0,8.0,21.0,11.0,12.5,0.0,439.5,0.5,0.5,116.0,6.5,0.0,0.5,0.0,5.0,556.5,40.0,18.5,518.0,18.5,14.0,14.5,14.0,35.5,0.0,12.0,6.5,20.0,10.5,12.5,0.0,606.5,0.0,0.0,118.0,10.5,0.0,0.0,0.0,0.5,1
3857260,2022-11-30,19:00:00.000,2022,Saudi Arabia,Mexico,1,2,Group Stage,409.0,50.5,15.0,338.0,23.0,7.0,15.0,6.5,38.0,0.5,19.0,11.5,16.5,13.0,19.0,0.0,434.0,3.0,3.0,132.0,10.0,0.0,0.5,2.5,5.0,433.0,41.5,14.0,379.5,18.0,12.0,10.0,10.0,41.0,0.0,17.5,14.0,6.0,12.0,11.5,0.0,473.5,0.5,0.5,121.5,7.5,0.5,2.0,0.0,3.0,-1
3857264,2022-11-30,19:00:00.000,2022,Poland,Argentina,0,2,Group Stage,324.0,40.5,22.0,231.5,28.5,15.5,10.5,11.0,31.0,0.0,16.5,14.5,17.5,10.0,13.0,0.0,349.5,1.0,1.0,119.0,7.5,0.0,2.5,0.0,1.5,582.0,39.0,18.0,486.0,19.0,13.5,15.5,4.5,30.5,0.5,11.0,21.0,5.5,8.0,11.0,0.0,606.5,0.5,0.5,108.0,10.0,0.0,0.5,0.0,7.0,-1
3857276,2022-12-01,15:00:00.000,2022,Canada,Morocco,1,2,Group Stage,486.5,53.5,18.0,426.0,19.5,11.5,24.5,7.5,22.0,0.5,10.5,12.5,14.0,11.0,16.0,0.0,504.5,0.5,0.5,122.5,15.0,0.5,0.0,0.5,2.0,347.0,45.0,24.5,300.0,22.0,11.0,15.5,6.5,35.5,0.0,17.0,10.5,10.5,11.5,11.5,0.0,365.5,0.5,0.5,164.5,9.0,0.5,2.0,0.0,5.0,-1
3857296,2022-12-01,15:00:00.000,2022,Croatia,Belgium,0,0,Group Stage,559.0,41.5,17.0,487.0,13.5,11.5,12.5,14.5,41.0,0.0,13.5,11.0,9.0,14.5,13.0,0.0,596.5,1.0,1.0,136.5,9.0,0.0,2.0,0.5,3.5,578.0,40.0,17.0,516.5,18.0,10.5,12.5,7.5,31.0,0.0,10.5,15.5,16.5,5.5,15.0,0.0,618.5,0.0,0.0,95.0,9.5,0.5,0.5,0.0,3.5,0
3857255,2022-12-01,19:00:00.000,2022,Japan,Spain,2,1,Group Stage,418.0,37.5,21.5,355.5,25.0,10.5,14.5,9.0,37.0,0.0,19.5,10.0,17.0,8.0,14.0,0.0,456.5,0.0,0.0,165.0,12.5,0.0,0.0,0.0,3.5,845.0,41.5,14.5,733.5,10.5,15.5,19.0,11.5,25.5,0.0,11.0,14.0,8.5,9.5,17.0,0.0,876.5,0.0,0.0,102.0,12.0,0.0,0.0,0.0,1.0,1
3857292,2022-12-01,19:00:00.000,2022,Costa Rica,Germany,2,4,Group Stage,307.0,42.5,21.0,262.0,22.0,12.5,10.5,10.5,37.5,0.0,13.5,15.0,19.0,10.5,12.0,0.0,360.0,0.5,0.5,155.0,2.0,0.5,1.0,0.0,3.0,563.0,50.5,22.0,446.0,11.5,13.5,19.0,5.5,34.5,0.5,11.0,13.0,12.0,11.0,12.5,0.0,598.5,0.0,0.0,122.0,18.5,1.0,1.5,0.0,2.0,-1
3857293,2022-12-02,15:00:00.000,2022,Ghana,Uruguay,0,2,Group Stage,366.5,44.0,23.0,300.5,34.5,12.0,14.5,4.0,46.0,0.5,15.0,15.0,18.0,10.5,10.0,0.0,377.5,0.0,0.0,133.0,8.0,0.0,2.0,0.5,1.5,432.0,37.0,23.5,364.5,21.5,7.0,10.0,6.0,35.5,0.0,11.5,10.5,12.5,13.0,15.5,0.0,504.0,0.0,0.0,113.5,10.5,0.0,0.0,0.5,0.0,-1
3857262,2022-12-02,15:00:00.000,2022,South Korea,Portugal,2,1,Group Stage,483.5,50.5,13.0,425.0,18.5,11.5,10.0,6.0,41.0,0.0,13.0,8.5,10.5,9.0,10.5,0.0,534.0,1.5,1.5,114.5,14.0,0.0,0.0,0.0,1.0,607.5,43.5,17.0,513.0,24.5,10.5,12.5,8.5,28.5,0.5,13.0,16.5,12.5,5.0,10.5,0.0,645.5,0.5,0.5,98.0,13.0,0.0,2.0,0.5,0.5,1
3857256,2022-12-02,19:00:00.000,2022,Serbia,Switzerland,2,3,Group Stage,449.5,43.0,21.5,393.0,26.0,9.0,8.5,11.5,35.0,0.0,13.5,8.0,20.5,10.0,14.5,0.0,491.0,0.5,0.5,133.0,10.0,0.5,0.5,1.0,2.0,494.0,37.0,11.0,418.0,27.5,12.5,5.5,8.0,31.0,0.0,16.0,10.0,14.0,8.0,10.5,0.0,531.0,0.5,0.5,127.5,6.5,0.0,0.5,0.0,2.5,-1
3857280,2022-12-02,19:00:00.000,2022,Cameroon,Brazil,1,0,Group Stage,393.0,51.5,15.0,345.5,21.0,10.5,15.5,3.5,32.0,1.0,9.5,14.0,14.5,17.5,7.5,0.0,464.0,1.0,1.0,131.5,10.5,0.0,1.0,0.5,3.5,573.5,55.5,16.5,542.5,16.5,11.5,17.5,3.0,35.5,0.0,9.0,14.5,7.5,11.0,15.5,0.0,607.5,0.0,0.0,103.0,18.0,0.5,0.5,0.0,1.0,1
3869117,2022-12-03,17:00:00.000,2022,Netherlands,United States,3,1,Round of 16,597.3333333333334,33.0,18.666666666666668,466.6666666666667,16.0,12.333333333333334,8.333333333333334,5.333333333333333,34.333333333333336,0.0,17.0,10.333333333333334,13.666666666666666,6.666666666666667,12.666666666666666,0.0,625.0,0.0,0.0,125.33333333333331,8.333333333333334,0.3333333333333333,1.0,0.0,2.0,495.6666666666667,47.66666666666666,18.666666666666668,440.0,23.666666666666668,12.666666666666666,13.0,8.666666666666666,35.0,0.0,15.333333333333334,12.666666666666666,10.333333333333334,8.333333333333334,19.33333333333333,0.0,527.6666666666666,1.0,1.0,144.66666666666666,9.333333333333334,0.0,0.3333333333333333,0.0,0.6666666666666666,1
3869151,2022-12-03,21:00:00.000,2022,Argentina,Australia,2,1,Round of 16,669.3333333333334,43.66666666666666,16.0,586.3333333333334,15.0,14.0,16.0,4.0,29.33333333333333,0.3333333333333333,11.333333333333334,17.0,5.0,7.666666666666667,9.333333333333334,0.0,707.3333333333334,0.3333333333333333,0.3333333333333333,101.33333333333331,14.666666666666666,0.0,1.3333333333333333,0.0,4.666666666666667,368.3333333333333,43.333333333333336,29.0,280.3333333333333,28.0,10.333333333333334,11.666666666666666,10.666666666666666,40.66666666666666,0.3333333333333333,14.0,8.333333333333334,19.666666666666668,11.0,15.0,0.0,409.6666666666667,0.3333333333333333,0.3333333333333333,111.0,7.0,0.0,0.6666666666666666,0.0,3.6666666666666665,1
3869152,2022-12-04,17:00:00.000,2022,France,Poland,3,1,Round of 16,609.3333333333334,46.66666666666666,16.333333333333332,553.3333333333334,15.666666666666666,13.333333333333334,19.666666666666668,5.666666666666667,37.0,0.0,5.333333333333333,13.666666666666666,8.333333333333334,12.666666666666666,14.666666666666666,0.0,654.6666666666666,1.0,1.0,95.33333333333331,18.0,0.3333333333333333,1.3333333333333333,0.0,2.6666666666666665,321.6666666666667,35.0,20.33333333333333,230.33333333333331,29.666666666666668,14.0,9.333333333333334,11.333333333333334,31.33333333333333,0.3333333333333333,14.0,13.666666666666666,19.666666666666668,10.0,12.0,0.0,345.3333333333333,1.0,1.0,114.33333333333331,6.333333333333333,0.0,1.6666666666666667,0.0,1.0,1
3869118,2022-12-04,21:00:00.000,2022,England,Senegal,3,0,Round of 16,657.0,36.66666666666666,15.666666666666666,549.0,12.0,8.0,15.0,4.0,23.0,0.0,10.333333333333334,16.333333333333332,9.0,7.333333333333333,10.666666666666666,0.0,686.0,0.6666666666666666,0.6666666666666666,92.66666666666669,13.0,0.0,0.3333333333333333,0.0,0.3333333333333333,403.6666666666667,52.333333333333336,13.666666666666666,336.6666666666667,30.666666666666668,11.0,14.333333333333334,5.333333333333333,29.666666666666668,0.0,12.0,16.0,13.0,7.333333333333333,15.333333333333334,0.0,429.3333333333333,0.3333333333333333,0.3333333333333333,125.0,13.333333333333334,1.0,0.6666666666666666,0.0,1.0,1
3869219,2022-12-05,17:00:00.000,2022,Japan,Croatia,1,1,Round of 16,355.6666666666667,32.666666666666664,23.0,289.6666666666667,24.0,10.333333333333334,11.666666666666666,8.333333333333334,33.666666666666664,0.0,16.666666666666668,9.333333333333334,15.333333333333334,10.0,13.0,0.0,388.6666666666667,0.0,0.0,186.33333333333331,10.333333333333334,0.0,0.0,0.0,3.0,571.0,44.0,16.333333333333332,479.3333333333333,17.666666666666668,8.666666666666666,13.333333333333334,12.666666666666666,34.666666666666664,0.0,12.666666666666666,10.666666666666666,12.0,13.666666666666666,12.0,0.0,600.6666666666666,0.6666666666666666,0.6666666666666666,145.66666666666666,9.666666666666666,0.0,1.6666666666666667,0.3333333333333333,3.6666666666666665,0
3869253,2022-12-05,21:00:00.000,2022,Brazil,South Korea,4,1,Round of 16,575.0,56.0,14.333333333333334,518.0,15.333333333333334,13.666666666666666,16.0,4.333333333333333,35.0,0.0,11.0,14.333333333333334,7.666666666666667,8.666666666666666,15.666666666666666,0.0,602.6666666666666,0.6666666666666666,0.6666666666666666,112.66666666666669,19.0,0.3333333333333333,0.3333333333333333,0.0,0.6666666666666666,442.0,49.333333333333336,14.0,373.0,22.0,10.666666666666666,9.666666666666666,8.666666666666666,35.0,0.0,11.666666666666666,9.0,12.0,8.333333333333334,10.666666666666666,0.0,485.3333333333333,1.6666666666666667,1.6666666666666667,113.33333333333331,13.333333333333334,0.3333333333333333,0.0,0.3333333333333333,0.6666666666666666,1
3869220,2022-12-06,17:00:00.000,2022,Morocco,Spain,0,0,Round of 16,346.6666666666667,43.66666666666666,21.0,309.3333333333333,24.33333333333333,9.333333333333334,14.666666666666666,9.666666666666666,37.66666666666666,0.0,16.333333333333332,12.333333333333334,9.333333333333334,12.0,12.0,0.3333333333333333,374.6666666666667,0.3333333333333333,0.3333333333333333,161.0,8.333333333333334,0.6666666666666666,1.3333333333333333,0.0,3.6666666666666665,923.6666666666666,46.333333333333336,12.333333333333334,797.0,8.333333333333334,11.666666666666666,18.666666666666668,8.333333333333334,26.33333333333333,0.0,10.0,13.0,7.666666666666667,9.333333333333334,15.333333333333334,0.0,948.6666666666666,0.0,0.0,97.66666666666669,12.0,0.0,0.6666666666666666,0.0,1.3333333333333333,0
3869254,2022-12-06,21:00:00.000,2022,Portugal,Switzerland,6,1,Round of 16,598.0,43.333333333333336,16.333333333333332,510.0,22.666666666666668,8.333333333333334,15.333333333333334,7.666666666666667,30.666666666666668,0.6666666666666666,12.0,14.0,13.0,5.333333333333333,10.666666666666666,0.0,636.6666666666666,0.6666666666666666,0.6666666666666666,93.0,13.0,0.0,1.3333333333333333,0.3333333333333333,0.3333333333333333,466.3333333333333,38.0,13.0,377.3333333333333,27.33333333333333,12.666666666666666,5.666666666666667,6.0,32.0,0.3333333333333333,15.333333333333334,13.333333333333334,13.666666666666666,11.333333333333334,11.666666666666666,0.0,502.3333333333333,0.3333333333333333,0.3333333333333333,112.66666666666669,9.0,0.0,0.6666666666666666,0.3333333333333333,1.6666666666666667,1
3869420,2022-12-09,17:00:00.000,2022,Croatia,Brazil,1,1,Quarter-finals,605.75,48.5,20.75,503.25,24.0,8.75,11.25,12.0,36.25,0.0,13.5,11.25,14.0,12.75,14.25,0.0,649.5,0.5,0.5,146.75,12.5,0.0,1.5,0.25,3.25,588.5,52.5,14.75,516.0,14.0,12.75,17.25,4.75,34.25,0.25,10.25,13.5,7.75,8.5,14.0,0.0,612.25,0.5,0.5,110.25,18.75,0.25,0.5,0.0,1.25,0
3869321,2022-12-09,19:00:00.000,2022,Netherlands,Argentina,2,2,Quarter-finals,538.25,33.75,22.5,428.75,20.75,10.75,10.25,5.75,35.5,0.5,15.5,8.75,15.5,6.75,12.25,0.0,578.5,0.0,0.0,128.5,9.0,0.25,1.5,0.0,1.75,679.75,44.5,15.25,601.25,17.5,11.5,17.75,4.75,30.25,0.25,10.75,16.75,5.75,9.75,10.5,0.25,712.5,0.25,0.25,107.75,14.5,0.0,1.0,0.0,3.5,0
3869486,2022-12-10,17:00:00.000,2022,Morocco,Portugal,1,0,Quarter-finals,329.25,45.5,20.75,292.5,27.0,9.25,15.0,10.25,38.5,0.0,17.0,12.75,11.5,13.5,14.0,0.25,372.25,0.5,0.5,165.0,8.75,0.5,1.75,0.0,2.75,562.75,40.75,16.5,475.75,21.0,7.0,13.25,7.0,30.0,0.5,12.5,14.25,12.5,6.5,10.5,0.0,599.5,0.5,0.5,112.75,13.5,0.0,1.25,0.25,0.25,1
3869354,2022-12-10,21:00:00.000,2022,England,France,1,2,Quarter-finals,642.5,36.75,15.75,549.25,11.75,8.25,13.75,4.5,26.25,0.0,11.75,15.5,9.75,9.25,11.0,0.0,671.0,0.5,0.5,93.25,11.75,0.0,0.5,0.0,0.75,595.25,44.5,16.75,533.25,14.75,14.25,18.0,6.5,33.0,0.0,6.75,12.75,9.75,13.25,14.25,0.0,639.25,0.75,0.75,100.75,17.5,0.25,1.25,0.0,2.0,-1
3869519,2022-12-13,21:00:00.000,2022,Argentina,Croatia,3,0,Semi-finals,667.8,45.2,15.4,583.8,19.4,10.8,17.8,5.8,32.8,0.2,13.0,20.8,8.0,9.8,12.4,0.2,698.0,0.4,0.4,124.2,15.4,0.0,0.8,0.8,3.2,622.8,48.4,21.0,534.0,26.0,11.0,11.6,12.6,38.6,0.0,15.4,13.6,16.2,13.0,14.2,0.0,667.0,0.4,0.4,147.6,12.6,0.2,1.2,0.4,3.0,1
3869552,2022-12-14,21:00:00.000,2022,France,Morocco,2,0,Semi-finals,552.6,42.4,16.2,486.4,15.2,13.8,16.4,5.8,32.6,0.0,8.4,12.2,11.6,12.0,13.6,0.0,593.8,0.6,0.6,104.2,15.6,0.2,1.0,0.0,1.8,308.8,46.4,21.6,272.8,28.6,8.6,15.2,9.4,36.4,0.0,17.2,12.0,12.4,13.8,15.4,0.2,347.6,0.8,0.8,164.6,8.8,0.4,1.8,0.0,2.2,1
3869684,2022-12-17,17:00:00.000,2022,Croatia,Morocco,2,1,3rd Place Final,618.0,48.66666666666666,19.5,544.0,23.0,11.5,13.5,11.833333333333334,37.0,0.1666666666666666,14.5,14.666666666666666,15.5,12.833333333333334,13.166666666666666,0.0,663.8333333333334,0.3333333333333333,0.3333333333333333,139.33333333333334,12.5,0.1666666666666666,1.1666666666666667,0.5,3.0,355.1666666666667,47.5,19.83333333333333,310.5,25.83333333333333,9.666666666666666,15.166666666666666,9.666666666666666,36.66666666666666,0.0,16.666666666666668,12.333333333333334,12.833333333333334,12.166666666666666,16.166666666666668,0.1666666666666666,392.1666666666667,0.6666666666666666,0.6666666666666666,156.83333333333334,9.5,0.3333333333333333,1.5,0.0,2.1666666666666665,1
3869685,2022-12-18,17:00:00.000,2022,Argentina,France,3,3,Final,627.5,44.333333333333336,16.666666666666668,541.6666666666666,19.166666666666668,11.833333333333334,16.833333333333332,7.0,33.0,0.1666666666666666,14.166666666666666,19.0,9.5,9.5,12.5,0.1666666666666666,653.6666666666666,0.3333333333333333,0.3333333333333333,135.5,14.333333333333334,0.0,0.8333333333333334,0.8333333333333334,3.1666666666666665,515.8333333333334,42.333333333333336,16.833333333333332,457.8333333333333,15.833333333333334,13.833333333333334,16.166666666666668,6.0,32.666666666666664,0.0,9.333333333333334,12.333333333333334,12.5,13.333333333333334,13.166666666666666,0.0,559.3333333333334,0.6666666666666666,0.6666666666666666,118.5,15.333333333333334,0.3333333333333333,1.1666666666666667,0.0,1.8333333333333333,0
